{
    "acc": 0.5040983606557377,
    "loss": 0.6323681002269026,
    "training_time": 57.412649393081665
}